Ticker,Title,Timestamp
TSLA,"NFLX, UNH, NVO, DJT, TSLA: 5 Trending Stocks Today - Netflix  ( NASDAQ:NFLX ) , Trump Media & Tech Gr  ( NASDAQ:DJT ) ",2025-04-18 02:20:00+00:00
AAPL,"TSMC Confident Amid Trump Tariff Turmoil: CEO CC Wei Says No Change In Customer Behavior Despite Nvidia H20 Chip Curbs - NVIDIA  ( NASDAQ:NVDA ) , Apple  ( NASDAQ:AAPL ) ",2025-04-18 05:21:00+00:00
MSFT,"Facing Heat From China's DeepSeek And US Rivals, OpenAI CEO Sam Altman Launches Codex CLI: 'A Coding Agent That Runs On Your Computer' - Alphabet  ( NASDAQ:GOOG ) , Alphabet  ( NASDAQ:GOOGL ) ",2025-04-18 06:49:00+00:00
AMZN,"Stock Market Sell-Off: 2 Brilliant AI Stocks to Buy Hand Over Fist Right Now, According to Wall Street",2025-04-18 07:12:00+00:00
AAPL,"The Best Warren Buffett Stocks to Buy With $1,000 Right Now",2025-04-18 07:20:00+00:00
TSLA,Elon Musk's Tesla Reportedly Manipulating Odometers To Dodge Warranty Repairs - Tesla  ( NASDAQ:TSLA ) ,2025-04-18 07:44:00+00:00
AAPL,"Apple CEO Tim Cook's Dialogue With Commerce Secretary Lutnick Secured Tariff Exemption for iPhones and Electronics: Report - Apple  ( NASDAQ:AAPL ) , Dell Technologies  ( NYSE:DELL ) ",2025-04-18 08:03:00+00:00
AMZN,2 No-Brainer AI Stocks to Buy Right Now,2025-04-18 08:10:00+00:00
AAPL,Shiba Inu Is Plunging in 2025. Buy the Dip or Run for the Hills?,2025-04-18 08:16:00+00:00
MSFT,Can Artificial Intelligence  ( AI )  Leader Nvidia Continue to Grow Despite Trump's Tariffs?,2025-04-18 08:20:00+00:00
TSLA,"Tesla Reportedly Scales Back Cybertruck Production, Shifts Workers As Sales Plummet: 'The Parking Lot Keeps Getting Emptier' - Tesla  ( NASDAQ:TSLA ) ",2025-04-18 08:25:00+00:00
TSLA,Where Will Nio Stock Be in 1 Year?,2025-04-18 09:32:00+00:00
TSLA,"Tesla CEO Elon Musk, Indian PM Modi Discuss Deeper Tech Ties Amid Model Y Test Run In Mumbai - Tesla  ( NASDAQ:TSLA ) ",2025-04-18 09:39:00+00:00
MSFT,Forget the Correction: 2 Artificial Intelligence Stocks That Are Still Worth Buying Anyway,2025-04-18 10:05:00+00:00
AMZN,5 Warren Buffett Stocks You Can Buy Right Now on Sale -- and 2 I'd Avoid  ( for Now ) ,2025-04-18 10:11:00+00:00
AAPL,5 Warren Buffett Stocks You Can Buy Right Now on Sale -- and 2 I'd Avoid  ( for Now ) ,2025-04-18 10:11:00+00:00
MSFT,Is Intel Stock a Buy Now?,2025-04-18 10:15:00+00:00
AAPL,Should iShares S&P 500 Value ETF  ( IVE )  Be on Your Investing Radar?,2025-04-18 10:20:00+00:00
AMZN,Should iShares S&P 500 Value ETF  ( IVE )  Be on Your Investing Radar?,2025-04-18 10:20:00+00:00
MSFT,Should iShares S&P 500 Value ETF  ( IVE )  Be on Your Investing Radar?,2025-04-18 10:20:00+00:00
TSLA,Is First Trust NASDAQ-100 Ex-Technology Sector ETF  ( QQXT )  a Strong ETF Right Now?,2025-04-18 10:20:00+00:00
AMZN,3 Dividend Stocks to Buy With $500 and Hold Forever,2025-04-18 10:50:00+00:00
TSLA,"Tesla Price Target Slashed To $275 By Barclays Amid Margin Woes, But Elon Musk's FSD Push Could Lift Sentiment - Ford Motor  ( NYSE:F ) , General Motors  ( NYSE:GM ) ",2025-04-18 10:57:00+00:00
MSFT,Nvidia Stock Crash: Why This Time Is Different,2025-04-18 11:15:00+00:00
AMZN,Nvidia Stock Crash: Why This Time Is Different,2025-04-18 11:15:00+00:00
AMZN,"Billionaire Peter Hargreaves-Backed Fund Offloads Stake In Meta, Microsoft Amid Global Economic Woes - Meta Platforms  ( NASDAQ:META ) , Amazon.com  ( NASDAQ:AMZN ) ",2025-04-18 11:19:00+00:00
MSFT,"Billionaire Peter Hargreaves-Backed Fund Offloads Stake In Meta, Microsoft Amid Global Economic Woes - Meta Platforms  ( NASDAQ:META ) , Amazon.com  ( NASDAQ:AMZN ) ",2025-04-18 11:19:00+00:00
AAPL,The Best Warren Buffett Stocks to Buy With $60 Right Now,2025-04-18 11:45:00+00:00
AMZN,The Best Warren Buffett Stocks to Buy With $60 Right Now,2025-04-18 11:45:00+00:00
AAPL,3 Growth Stocks Down More Than 25% to Buy Right Now,2025-04-18 12:45:00+00:00
TSLA,"Tesla can't make Optimus robot for US$20,000 without China, humanoid experts say",2025-04-18 13:00:00+00:00
AMZN,President Trump's 145% China Tariffs Will Hurt Amazon. Here's Why I'm Still Buying the Stock.,2025-04-18 13:45:00+00:00
MSFT,"Jack Ma Was Once Ready To 'Destroy' Alibaba To End US-China Trade War: 'I Would Be Happy If China And USA Agree On Something' - Alibaba Gr Hldgs  ( NYSE:BABA ) , Cisco Systems  ( NASDAQ:CSCO ) ",2025-04-18 14:00:00+00:00
MSFT,In-Depth Analysis: Microsoft Versus Competitors In Software Industry - Microsoft  ( NASDAQ:MSFT ) ,2025-04-18 15:00:00+00:00
AMZN,Comparative Study: Amazon.com And Industry Competitors In Broadline Retail Industry - Amazon.com  ( NASDAQ:AMZN ) ,2025-04-18 15:00:00+00:00
AAPL,'Headline Risk' Lurks as TSM Shines Bright on AI Demand 'Headline Risk' Lurks as TSM Shines Bright on AI Demand - Taiwan Semiconductor  ( NYSE:TSM ) ,2025-04-18 15:20:00+00:00
MSFT,"170 Million Users At Stake: Tim Stokely's Zoop Makes Last-Minute TikTok Bid, Promising Creators 'The Lion's Share' Of Ad Revenue - Microsoft  ( NASDAQ:MSFT ) , Amazon.com  ( NASDAQ:AMZN ) ",2025-04-18 15:46:00+00:00
AMZN,"170 Million Users At Stake: Tim Stokely's Zoop Makes Last-Minute TikTok Bid, Promising Creators 'The Lion's Share' Of Ad Revenue - Microsoft  ( NASDAQ:MSFT ) , Amazon.com  ( NASDAQ:AMZN ) ",2025-04-18 15:46:00+00:00
TSLA,Money Wave Under Review: The Original Deep-Theta Soundwave + Tesla Ritual for Law of Attraction Wealth,2025-04-18 20:15:00+00:00
AAPL,Apple Gets Some Relief from President Trump's Tariffs. Could That Turn the Stock Around?,2025-04-18 21:15:00+00:00
TSLA,Elon Musk Fights For 'Unfathomable' $56 Billion Tesla Payday As Factory Workers Earn $22/Hour - But Says: 'There Shouldn't Be a Two-Class System',2025-04-18 22:31:00+00:00
TSLA,Elon Musk's Tesla Delays Launch Of Affordable Model Y By Several Months: Report - Tesla  ( NASDAQ:TSLA ) ,2025-04-19 03:24:00+00:00
MSFT,Alphabet  ( Google )  Stock Investors Just Got More Bad News From a Federal Judge,2025-04-19 07:48:00+00:00
AMZN,"Is Sirius XM Stock a Buy, Sell, or Hold in 2025?",2025-04-19 08:05:00+00:00
AAPL,"Is Sirius XM Stock a Buy, Sell, or Hold in 2025?",2025-04-19 08:05:00+00:00
AMZN,"Italy Joins US To Oppose 'Discriminatory' Digital Taxes On Big Tech Giants Like Apple, Amazon, Google, And Meta - Apple  ( NASDAQ:AAPL ) , Amazon.com  ( NASDAQ:AMZN ) ",2025-04-19 08:46:00+00:00
AAPL,"Italy Joins US To Oppose 'Discriminatory' Digital Taxes On Big Tech Giants Like Apple, Amazon, Google, And Meta - Apple  ( NASDAQ:AAPL ) , Amazon.com  ( NASDAQ:AMZN ) ",2025-04-19 08:46:00+00:00
TSLA,Is Tesla Stock a Buy Before April 22?,2025-04-19 08:56:00+00:00
AMZN,Could Buying Nu Holdings Stock Today Set You Up for Life?,2025-04-19 09:10:00+00:00
MSFT,Can Nvidia Stock Hit $200 in the Next Year?,2025-04-19 09:30:00+00:00
AMZN,"This ""Magnificent Seven"" Stock Is Trading Near Its Most Prime Valuation in a Decade, and Cathie Wood Just Bought the Dip",2025-04-19 10:15:00+00:00
TSLA,RH INVESTOR NEWS: RH  ( NYSE:RH )  Investors may be able to Recover Losses in Class Action Investigation -- Contact BFA Law - RH  ( NYSE:RH ) ,2025-04-19 12:04:00+00:00
TSLA,RC INVESTOR NEWS: Ready Capital Investors may be able to Recover Losses in Class Action Lawsuit -- Contact BFA Law before May 5 Deadline  ( NYSE:RC )  - Ready Capital  ( NYSE:RC ) ,2025-04-19 12:06:00+00:00
TSLA,VTRS INVESTOR NEWS: Viatris Inc. Investors may be able to Recover Losses in Class Action Lawsuit -- Contact BFA Law before June 3 Deadline  ( NASDAQ:VTRS )  - Viatris  ( NASDAQ:VTRS ) ,2025-04-19 12:06:00+00:00
TSLA,"FLNC INVESTOR NEWS: Fluence Energy, Inc. Investors may be able to Recover Losses in Class Action Lawsuit -- Contact BFA Law before May 12 Deadline  ( NASDAQ:FLNC )  - Fluence Energy  ( NASDAQ:FLNC ) ",2025-04-19 12:06:00+00:00
TSLA,"BBAI INVESTOR NEWS: BigBear.ai Holdings, Inc. Investors may be able to Recover Losses in Class Action Lawsuit -- Contact BFA Law before June 10 Deadline  ( NYSE:BBAI )  - BigBear.ai Hldgs  ( NYSE:BBAI ) ",2025-04-19 12:06:00+00:00
TSLA,"ALDX INVESTOR NEWS: Aldeyra Therapeutics, Inc. Investors may be able to Recover Losses in Class Action Investigation -- Contact BFA Law  ( NASDAQ:ALDX )  - Aldeyra Therapeutics  ( NASDAQ:ALDX ) ",2025-04-19 12:06:00+00:00
TSLA,ATKR INVESTOR NEWS: Atkore Inc. Investors may be able to Recover Losses in Class Action Lawsuit -- Contact BFA Law before April 23 Deadline  ( NYSE:ATKR )  - Atkore  ( NYSE:ATKR ) ,2025-04-19 12:07:00+00:00
TSLA,"TBBK INVESTOR NEWS: The Bancorp, Inc. Investors may be able to Recover Losses in Class Action Lawsuit -- Contact BFA Law before May 16 Deadline  ( NASDAQ:TBBK )  - Bancorp  ( NASDAQ:TBBK ) ",2025-04-19 12:08:00+00:00
MSFT,Prediction AMD Will Soar Over the Next 5 Years. Here's 1 Reason Why.,2025-04-19 12:41:00+00:00
AMZN,Prediction: 1 Stock That Will Be Worth More Than Nvidia 5 Years From Now,2025-04-19 12:45:00+00:00
MSFT,Prediction: 1 Stock That Will Be Worth More Than Nvidia 5 Years From Now,2025-04-19 12:45:00+00:00
TSLA,Prediction: 1 Stock That Will Be Worth More Than Lucid 2 Years From Now,2025-04-19 12:57:00+00:00
AMZN,"Meta Faces An Antitrust Lawsuit, FTC Says Company Holds A 'Social Network Monopoly' - Alphabet  ( NASDAQ:GOOGL ) , Amazon.com  ( NASDAQ:AMZN ) ",2025-04-19 13:00:00+00:00
TSLA,White House claims letter to Harvard with demands was an 'unauthorized' mistake: NYT,2025-04-19 14:33:00+00:00
MSFT,"Consumer Tech News  ( Apr 14-Apr 18 ) : Trump's 125% China Tariff Sidesteps Consumer Tech, Tesla Model Y Spotted in India & More Consumer Tech News  ( Apr 14-Apr 18 ) : Trump's 125% China Tariff Sidesteps Consumer Tech, Tesla Model Y Spotted in India & More - Alphabet  ( NASDAQ:GOOG ) , Apple  ( NASDAQ:AAPL ) ",2025-04-19 15:31:00+00:00
TSLA,"Consumer Tech News  ( Apr 14-Apr 18 ) : Trump's 125% China Tariff Sidesteps Consumer Tech, Tesla Model Y Spotted in India & More Consumer Tech News  ( Apr 14-Apr 18 ) : Trump's 125% China Tariff Sidesteps Consumer Tech, Tesla Model Y Spotted in India & More - Alphabet  ( NASDAQ:GOOG ) , Apple  ( NASDAQ:AAPL ) ",2025-04-19 15:31:00+00:00
AAPL,"Consumer Tech News  ( Apr 14-Apr 18 ) : Trump's 125% China Tariff Sidesteps Consumer Tech, Tesla Model Y Spotted in India & More Consumer Tech News  ( Apr 14-Apr 18 ) : Trump's 125% China Tariff Sidesteps Consumer Tech, Tesla Model Y Spotted in India & More - Alphabet  ( NASDAQ:GOOG ) , Apple  ( NASDAQ:AAPL ) ",2025-04-19 15:31:00+00:00
TSLA,"Ackman Bets Big on Hertz as Tariff Tailwinds Boost Fleet Value: 'Investing Is Risky, There Are No Guarantees of a Successful Outcome' - Tesla  ( NASDAQ:TSLA ) , Hertz Global Holdings  ( NASDAQ:HTZ ) ",2025-04-19 18:01:00+00:00
MSFT,Prediction: 1 Stock That Will Be Worth More Than Alphabet 10 Years From Now,2025-04-19 21:04:00+00:00
MSFT,"Netflix Could Jump 139% in 5 Years, According to Management",2025-04-19 22:08:00+00:00
MSFT,"This Is My Top Quantum Computing Stock for 2025, and It's Not IonQ or Rigetti Computing",2025-04-19 22:30:00+00:00
MSFT,"'My Mom Brings Up Every Excuse In The Book,' Says One Millennial Who Sends Her Money. Asks, 'Anyone Else Doing This Every Month?'",2025-04-19 22:31:00+00:00
MSFT,This Unstoppable Stock Just Revealed Ambitious Plans to Join the $1 Trillion Club by 2030,2025-04-20 08:02:00+00:00
MSFT,"1 Top Cryptocurrency to Buy Before It Soars 194%, According to the Co-Founder of Ethereum and Cardano",2025-04-20 08:19:00+00:00
AMZN,"If I Could Buy Only 1 Warren Buffett Stock Amid the Stock Market Chaos, This Would Be It",2025-04-20 08:42:00+00:00
MSFT,"Down 18%, Is Microsoft Stock a Buy on the Dip Before April 30?",2025-04-20 08:57:00+00:00
AAPL,Where Will Berkshire Hathaway Be in 3 Years?,2025-04-20 09:00:00+00:00
TSLA,"Should Netflix Replace Tesla in the ""Magnificent Seven""?",2025-04-20 10:00:00+00:00
AAPL,2 Semiconductor Stocks That Could Help Make You a Fortune,2025-04-20 10:37:00+00:00
AMZN,Tariff Turmoil: One Artificial Intelligence  ( AI )  Stock Down 26% to Buy Hand Over Fist Right Now,2025-04-20 10:53:00+00:00
AAPL,"Apple's Week Of Tariffs, iPhone Stockpile, Stock Slides, And More: This Week In Appleverse - Apple  ( NASDAQ:AAPL ) ",2025-04-20 11:02:00+00:00
MSFT,2 Recession-Proof Stocks to Buy With a Better Credit Rating Than the U.S. Government,2025-04-20 11:30:00+00:00
TSLA,"TBBK INVESTORS: Investors that Suffered Losses on The Bancorp, Inc. are Alerted to Contact BFA Law before May 16 Class Action Deadline",2025-04-20 11:36:00+00:00
TSLA,VTRS INVESTORS: Investors that Suffered Losses on Viatris Inc. are Alerted to Contact BFA Law before June 3 Class Action Deadline,2025-04-20 11:36:00+00:00
TSLA,"BBAI INVESTORS: Investors that Suffered Losses on BigBear.ai Holdings, Inc. are Alerted to Contact BFA Law before June 10 Class Action Deadline",2025-04-20 11:36:00+00:00
TSLA,RC INVESTORS: Investors that Suffered Losses on Ready Capital are Alerted to Contact BFA Law before May 5 Class Action Deadline,2025-04-20 11:36:00+00:00
TSLA,"TTD INVESTORS: Investors that Suffered Losses on Trade Desk, Inc. are Alerted to Contact BFA Law before Tomorrow's April 21 Class Action Deadline",2025-04-20 11:36:00+00:00
TSLA,ATKR INVESTORS: Investors that Suffered Losses on Atkore Inc. are Alerted to Contact BFA Law before April 23 Class Action Deadline,2025-04-20 11:37:00+00:00
TSLA,"FLNC INVESTORS: Investors that Suffered Losses on Fluence Energy, Inc. are Alerted to Contact BFA Law before May 12 Class Action Deadline",2025-04-20 11:37:00+00:00
TSLA,"ALDX INVESTORS: Investors that Suffered Losses on Aldeyra Therapeutics, Inc. are Alerted to Contact BFA Law",2025-04-20 11:37:00+00:00
AMZN,Amazon Stock Sell-Off: Should You Buy the Dip?,2025-04-20 11:55:00+00:00
MSFT,"OpenAI's Codex CLI, Intel's Reshuffle, And Nvidia's $500B Commitment: This Week In Artificial Intelligence - Intel  ( NASDAQ:INTC ) , Advanced Micro Devices  ( NASDAQ:AMD ) ",2025-04-20 13:01:00+00:00
AMZN,5 Monster Stocks -- Such as Coupang -- to Hold for the Next 10 Years,2025-04-20 13:15:00+00:00
AMZN,"Tesla's FSD Deployment, Kodiak Robotics' SPAC Merger, And Rivian's New Deal: This Week In Mobility - Amazon.com  ( NASDAQ:AMZN ) , Ares Acquisition  ( NYSE:AACT ) ",2025-04-20 13:48:00+00:00
TSLA,"Tesla's FSD Deployment, Kodiak Robotics' SPAC Merger, And Rivian's New Deal: This Week In Mobility - Amazon.com  ( NASDAQ:AMZN ) , Ares Acquisition  ( NYSE:AACT ) ",2025-04-20 13:48:00+00:00
AMZN,2 Top Buffett Stocks to Buy and Hold for the Long Haul,2025-04-20 14:15:00+00:00
TSLA,"Sen. Van Hollen says trip to El Salvador was about defending the right of due process, not 'defending the man'",2025-04-20 15:06:00+00:00
AMZN,"Jeff Bezos Once Tried to Buy Netflix, Co-Founder Says: 'We Said No and Then Worked Our A-- Off for 20 Years' - Netflix  ( NASDAQ:NFLX ) , Amazon.com  ( NASDAQ:AMZN ) ",2025-04-20 16:31:00+00:00
TSLA,Trump draft executive order would make sweeping changes to the U.S. State Department,2025-04-20 17:49:00+00:00
TSLA,"Popular YouTuber JerryRigEverything Says Elon Musk Promised His Tesla With FSD Would Gain Value. Seven Years Later, It's Worth Just 20%",2025-04-20 18:00:00+00:00
MSFT,"'Clearly Word Got Out'-Scott Galloway Says' April 9 Will Go Down As The Greatest Day Of Insider Trading In History' - Microsoft  ( NASDAQ:MSFT ) , Amazon.com  ( NASDAQ:AMZN ) ",2025-04-20 19:20:00+00:00
AMZN,"'Clearly Word Got Out'-Scott Galloway Says' April 9 Will Go Down As The Greatest Day Of Insider Trading In History' - Microsoft  ( NASDAQ:MSFT ) , Amazon.com  ( NASDAQ:AMZN ) ",2025-04-20 19:20:00+00:00
AMZN,2 No-Brainer Warren Buffett Stocks to Buy Right Now,2025-04-20 19:30:00+00:00
TSLA,"'I Don't Like Elon. Nobody's Made Any Money In Tesla For A Long Time,' Says Ross Gerber, Claims He's 'Attacked Because Of Elon's Behavior' - Tesla  ( NASDAQ:TSLA ) ",2025-04-20 19:31:00+00:00
MSFT,1 Artificial Intelligence  ( AI )  Stock-Buyback Stock to Buy Hand Over Fist During the Nasdaq Sell-Off,2025-04-20 22:00:00+00:00
AMZN,1 Growth Stock Down 20% to Buy Right Now,2025-04-20 22:15:00+00:00
TSLA,"Elon Musk 'Needs To Leave' The Government And Get Back To Being CEO Of Tesla, Says Dan Ives Ahead Of Q1 Earnings - NVIDIA  ( NASDAQ:NVDA ) , Tesla  ( NASDAQ:TSLA ) ",2025-04-21 01:18:00+00:00
TSLA,"US Futures Fall, Volatile Start For Nikkei, Dollar Slips As Trump Pushes Fed For Rate Cuts, Jerome Powell Exit - Alphabet  ( NASDAQ:GOOG ) , Procter & Gamble  ( NYSE:PG ) ",2025-04-21 01:57:00+00:00
AMZN,"Meta, Amazon, And YouTube To Sponsor 2025 White House Easter Egg Roll: Trump Says, 'I'll Be There!' - Alphabet  ( NASDAQ:GOOG ) , Amazon.com  ( NASDAQ:AMZN ) ",2025-04-21 03:09:00+00:00
TSLA,"Steve Bannon Says Elon Musk Is 'Evil,' Blasts His Brain Chip Ambitions As 'Techno‑Feudalist' Plot To Hijack Humanity's Future - Tesla  ( NASDAQ:TSLA ) ",2025-04-21 05:27:00+00:00
TSLA,"Nio, XPeng Supplier Hesai Group Announces Next-Gen LiDAR For Level 3 Autonomous Driving - Alphabet  ( NASDAQ:GOOG ) , Aurora Innovation  ( NASDAQ:AUR ) ",2025-04-21 07:16:00+00:00
AAPL,Tim Cook Says Hiking At National Parks One Of His 'Favorite Things To Do' But Rangers Struggling With Staffing Cuts - Apple  ( NASDAQ:AAPL ) ,2025-04-21 07:20:00+00:00
TSLA,"2025 'Largely Doesn't Matter' For Tesla, Says Gene Munster: Elon Musk Company Poised 'For A Major Rebound In 2026 And Beyond' - Tesla  ( NASDAQ:TSLA ) ",2025-04-21 07:24:00+00:00
AMZN,3 No-Brainer Artificial Intelligence  ( AI )  Stocks to Buy Before Earnings Season Heats Up,2025-04-21 08:10:00+00:00
TSLA,Tesla Stock Has Crashed 50% and Investors Just Got Bad News From One of Wall Street's Biggest Bulls,2025-04-21 08:24:00+00:00
TSLA,"Nvidia Is the Second Cheapest ""Magnificent Seven"" Stock Right Now Based on 1 Key Valuation Metric. Is It a No-Brainer Buy?",2025-04-21 08:48:00+00:00
TSLA,"Tesla's India Play Deepens As Elon Musk's EV Giant Explores Alternate Semiconductor Supply Chains Amid US-China Trade War - Tesla  ( NASDAQ:TSLA ) , Micron Technology  ( NASDAQ:MU ) ",2025-04-21 09:22:00+00:00
TSLA,Should You Buy Tesla While It's Below $250?,2025-04-21 09:24:00+00:00
TSLA,Here's Why ChargePoint Stock Is a Buy Before the End of May,2025-04-21 09:52:00+00:00
TSLA,"1 ""Magnificent Seven"" Stock You'll Regret Not Buying During the Dip",2025-04-21 10:00:00+00:00
MSFT,"1 ""Magnificent Seven"" Stock You'll Regret Not Buying During the Dip",2025-04-21 10:00:00+00:00
AAPL,Should Goldman Sachs MarketBeta Russell 1000 Growth Equity ETF  ( GGUS )  Be on Your Investing Radar?,2025-04-21 10:20:00+00:00
MSFT,Should Goldman Sachs MarketBeta Russell 1000 Growth Equity ETF  ( GGUS )  Be on Your Investing Radar?,2025-04-21 10:20:00+00:00
MSFT,"Bill Gates' Harvard Professor Thought, 'What A Waste' When He Left Academia, But That 'Small Company' He Founded Changed The World - Microsoft  ( NASDAQ:MSFT ) ",2025-04-21 10:54:00+00:00
AAPL,"Humanoid Robots Make History In Beijing Half-Marathon, Completes Race In Under 3 Hours - Apple  ( NASDAQ:AAPL ) , Salesforce  ( NYSE:CRM ) ",2025-04-21 11:15:00+00:00
TSLA,"Tesla Battery Supplier CATL Unveils New Fast-Charging Battery With 323-Mile Range In Five Minutes - BYD  ( OTC:BYDDF ) , Ford Motor  ( NYSE:F ) ",2025-04-21 11:33:00+00:00
MSFT,Wall Street Sees 48% or More Upside for These AI Stocks. Should You Buy Them?,2025-04-21 11:45:00+00:00
MSFT,Tariffs. Trade Wars. Chaos. Here's 1 Go-To Warren Buffett Dividend King Stock That's Built for Storms.,2025-04-21 12:00:00+00:00
MSFT,Commercial Content Delivery Network Services  ( CCDNS )  Market on a Steady Growth Path: Projected to Grow Through 2030 at CAGR 6.39%,2025-04-21 12:00:00+00:00
MSFT,BigCommerce and Feedonomics Announce Winners of Americas Region Customer and Partner Awards to Honor Exceptional Contributions and Results in Ecommerce,2025-04-21 12:00:00+00:00
MSFT,BigCommerce and Feedonomics Announce Winners of Americas Region Customer and Partner Awards to Honor Exceptional Contributions and Results in Ecommerce,2025-04-21 12:00:00+00:00
MSFT,Netflix Q1 Earnings Impress: Buy on Each Dip and Hold for Long Term,2025-04-21 12:04:00+00:00
AAPL,"Tesla, Nvidia, Apple And Other Big Stocks Moving Lower In Monday's Pre-Market Session - Apple  ( NASDAQ:AAPL ) , American Assets Trust  ( NYSE:AAT ) ",2025-04-21 12:24:00+00:00
TSLA,"Tesla, Nvidia, Apple And Other Big Stocks Moving Lower In Monday's Pre-Market Session - Apple  ( NASDAQ:AAPL ) , American Assets Trust  ( NYSE:AAT ) ",2025-04-21 12:24:00+00:00
MSFT,La Rosa Holdings Corp. Strategic Collaboration with Lofty to Drive Agent Productivity and Introduce New Recurring Revenue Stream,2025-04-21 12:30:00+00:00
TSLA,"China's CATL to mass-produce cheaper, more efficient sodium-ion EV batteries",2025-04-21 12:31:00+00:00
TSLA,ATKR LEGAL REMINDER: Did Atkore Inc. Commit Securities Fraud? Contact BFA Law before Wednesday's April 23 Court Deadline  ( NYSE:ATKR )  - Atkore  ( NYSE:ATKR ) ,2025-04-21 12:33:00+00:00
TSLA,"TBBK LEGAL REMINDER: Did The Bancorp, Inc. Commit Securities Fraud? Contact BFA Law before May 16 Court Deadline  ( NASDAQ:TBBK )  - Bancorp  ( NASDAQ:TBBK ) ",2025-04-21 12:33:00+00:00
TSLA,RH LEGAL REMINDER: Did RH  ( NYSE:RH )  Commit Securities Violations? Contact BFA Law - RH  ( NYSE:RH ) ,2025-04-21 12:33:00+00:00
TSLA,VTRS LEGAL REMINDER: Did Viatris Inc. Commit Securities Fraud? Contact BFA Law before June 3 Court Deadline  ( NASDAQ:VTRS )  - Viatris  ( NASDAQ:VTRS ) ,2025-04-21 12:33:00+00:00
TSLA,"BBAI LEGAL REMINDER: Did BigBear.ai Holdings, Inc. Commit Securities Fraud? Contact BFA Law before June 10 Court Deadline  ( NYSE:BBAI )  - BigBear.ai Hldgs  ( NYSE:BBAI ) ",2025-04-21 12:33:00+00:00
TSLA,"ALDX LEGAL REMINDER: Did Aldeyra Therapeutics, Inc. Commit Securities Violations? Contact BFA Law  ( NASDAQ:ALDX )  - Aldeyra Therapeutics  ( NASDAQ:ALDX ) ",2025-04-21 12:33:00+00:00
TSLA,"FLNC LEGAL REMINDER: Did Fluence Energy, Inc. Commit Securities Fraud? Contact BFA Law before May 12 Court Deadline  ( NASDAQ:FLNC )  - Fluence Energy  ( NASDAQ:FLNC ) ",2025-04-21 12:33:00+00:00
TSLA,RC LEGAL REMINDER: Did Ready Capital Commit Securities Fraud? Contact BFA Law before May 5 Court Deadline  ( NYSE:RC )  - Ready Capital  ( NYSE:RC ) ,2025-04-21 12:33:00+00:00
TSLA,Jim Cramer's top 10 things to watch in the stock market Monday,2025-04-21 12:52:00+00:00
TSLA,Tesla Q1 Test Drive: Will Earnings Steer The Stock Out Of The Ditch? - Tesla  ( NASDAQ:TSLA ) ,2025-04-21 13:04:00+00:00
MSFT,Security Champions With Arnica Is Elevating Modern Workflow,2025-04-21 13:11:00+00:00
MSFT,Tesla Stock: Today's Top Price Target Set To $242.49 - Tesla  ( NASDAQ:TSLA ) ,2025-04-21 13:17:00+00:00
TSLA,Tesla Stock: Today's Top Price Target Set To $242.49 - Tesla  ( NASDAQ:TSLA ) ,2025-04-21 13:17:00+00:00
AAPL,Tesla Stock: Today's Top Price Target Set To $242.49 - Tesla  ( NASDAQ:TSLA ) ,2025-04-21 13:17:00+00:00
TSLA,Ford Suspends Shipments of Vehicles to China Amid US-China Trade War,2025-04-21 13:21:00+00:00
AMZN,STRL Moves Above 50-Day SMA: A Buy for This Infrastructure Stock?,2025-04-21 13:23:00+00:00
TSLA,"Tesla Delays Launch of Cheaper, Stripped-Down Version of Model Y in US",2025-04-21 13:36:00+00:00
TSLA,"The Zacks Analyst Blog Highlights Tesla, General Motors and Ford",2025-04-21 13:37:00+00:00
TSLA,Tesla Stock Is Sliding Monday: What's Driving The Action? - Tesla  ( NASDAQ:TSLA ) ,2025-04-21 13:43:00+00:00
AAPL,"The Zacks Analyst Blog Highlights Apple, Philip Morris International, Sony and Vaso",2025-04-21 13:49:00+00:00
AMZN,Mark Cuban Says 'It's A Game Of Chicken' With China As He Questions Trump's Strategy Behind Tariffs: 'You Can't Be Dogmatic In Business Or Government' - Amazon.com  ( NASDAQ:AMZN ) ,2025-04-21 13:55:00+00:00
TSLA,China's humanoid robot sector enters mass production in 2025,2025-04-21 14:00:00+00:00
TSLA,Expect the Unexpected for a New Trading Week,2025-04-21 14:14:00+00:00
MSFT,IBM's Q1 Earnings on the Horizon: How to Play the Stock Now?,2025-04-21 14:23:00+00:00
AMZN,"Netflix Q1 Earnings Beat, Revenues Rise Y/Y on Subscriber Gain",2025-04-21 14:43:00+00:00
AAPL,"Netflix Q1 Earnings Beat, Revenues Rise Y/Y on Subscriber Gain",2025-04-21 14:43:00+00:00
MSFT,Viking Takes Big Swing On Beaten-Down Regal Rexnord - Regal Rexnord  ( NYSE:RRX ) ,2025-04-21 14:46:00+00:00
TSLA,Pre-Markets in the Red to Start a Fresh Week,2025-04-21 14:48:00+00:00
MSFT,In-Depth Analysis: Microsoft Versus Competitors In Software Industry - Microsoft  ( NASDAQ:MSFT ) ,2025-04-21 15:00:00+00:00
AMZN,Competitor Analysis: Evaluating Amazon.com And Competitors In Broadline Retail Industry - Amazon.com  ( NASDAQ:AMZN ) ,2025-04-21 15:00:00+00:00
AAPL,"Evaluating Apple Against Peers In Technology Hardware, Storage & Peripherals Industry - Apple  ( NASDAQ:AAPL ) ",2025-04-21 15:00:00+00:00
TSLA,"Dogecoin And Shiba Inu Surge But Fartcoin Takes The Spotlight-Whale Turns Losses To Profits In Rally; Coca-Cola Dodges New Tariffs With US Production, While Pepsico Faces 10% Levy On Irish Supply - Top Headlines While the U.S. Slept",2025-04-21 15:03:00+00:00
TSLA,TSLA vs. BYDDY: Which of These EV Giants is Better Positioned Now?,2025-04-21 15:13:00+00:00
AMZN,Are Retail Stocks a Bargain?,2025-04-21 15:23:00+00:00
MSFT,"Selling On Threat To Powell - Dollar, Stocks, And Bonds Fall; Gold And Yen Rise - Invesco QQQ Trust, Series 1  ( NASDAQ:QQQ ) , SPDR Gold Trust  ( ARCA:GLD ) ",2025-04-21 15:53:00+00:00
AAPL,"Selling On Threat To Powell - Dollar, Stocks, And Bonds Fall; Gold And Yen Rise - Invesco QQQ Trust, Series 1  ( NASDAQ:QQQ ) , SPDR Gold Trust  ( ARCA:GLD ) ",2025-04-21 15:53:00+00:00
TSLA,"Selling On Threat To Powell - Dollar, Stocks, And Bonds Fall; Gold And Yen Rise - Invesco QQQ Trust, Series 1  ( NASDAQ:QQQ ) , SPDR Gold Trust  ( ARCA:GLD ) ",2025-04-21 15:53:00+00:00
TSLA,Check Out What Whales Are Doing With TSLA - Tesla  ( NASDAQ:TSLA ) ,2025-04-21 16:00:00+00:00
MSFT,Better Semiconductor Stock: Intel vs. Nvidia,2025-04-21 16:00:00+00:00
TSLA,Kevin O'Leary Says China's Actions Have 'Wiped Out' Millions Of American Companies-'I Don't Know Why Anyone Is Okay With It' - Block  ( NYSE:XYZ ) ,2025-04-21 16:01:00+00:00
MSFT,AI Data Centers: Energy Markets in the Sixth Industrial Revolution,2025-04-21 16:04:00+00:00
AMZN,"Amazon Stock Downgraded, Price Target Slashed As Tariffs Create Uncertainty - Amazon.com  ( NASDAQ:AMZN ) ",2025-04-21 16:06:00+00:00
AAPL,ARM vs. Byrna Technologies: Which Small-Cap Innovator Has More Upside?,2025-04-21 16:35:00+00:00
TSLA,Nvidia Just Lost a $5.5 Billion Opportunity. This Fast-Growing Tech Stock Could Scoop It Up,2025-04-21 16:37:00+00:00
MSFT,What Taiwan Semiconductor Manufacturing Co. Told Investors,2025-04-21 16:38:00+00:00
TSLA,"Tesla Rival BYD Targets Japan's Minicar Market With For New Affordable EV - BYD  ( OTC:BYDDF ) , BYD  ( OTC:BYDDY ) ",2025-04-21 16:56:00+00:00
TSLA,Tesla Earnings Call Looms Amid Mounting Pressures: 3 Key Questions,2025-04-21 16:58:00+00:00
TSLA,Why Shares of Tesla Are Falling Ahead of Elon Musk's Big Day,2025-04-21 17:13:00+00:00
TSLA,Management Weighs in on the Macro,2025-04-21 17:28:00+00:00
AMZN,Management Weighs in on the Macro,2025-04-21 17:28:00+00:00
TSLA,"Trump will host Walmart, Target, Home Depot execs for tariff meeting",2025-04-21 17:48:00+00:00
AAPL,"Inside Nvidia's ""Thinking Machine""",2025-04-21 17:53:00+00:00
MSFT,"Inside Nvidia's ""Thinking Machine""",2025-04-21 17:53:00+00:00
MSFT,"Should You Buy, Sell or Hold ServiceNow Stock Before Q1 Earnings?",2025-04-21 18:14:00+00:00
AAPL,Apple vs. Dell Technologies: Which PC Maker Stock is a Better Buy?,2025-04-21 18:19:00+00:00
MSFT,Apple vs. Dell Technologies: Which PC Maker Stock is a Better Buy?,2025-04-21 18:19:00+00:00
AAPL,"Rule Breaker Investing: ChatGPT Asks & Motley Fool Co-Founder David Gardner Answers, Vol. 3",2025-04-21 18:58:00+00:00
AMZN,"Rule Breaker Investing: ChatGPT Asks & Motley Fool Co-Founder David Gardner Answers, Vol. 3",2025-04-21 18:58:00+00:00
AAPL,"Apple vs. Meta Platforms: Which ""Magnificent Seven"" Stock Has More Upside After the Recent Sell-Off?",2025-04-21 19:00:00+00:00
TSLA,Under $10 Stock Hertz Global Sees 43.9% Surge: Time to Buy?,2025-04-21 19:00:00+00:00
AMZN,"Apple Shares Dip 21% Year to Date: Buy, Sell or Hold the Stock?",2025-04-21 19:00:00+00:00
AAPL,"Apple Shares Dip 21% Year to Date: Buy, Sell or Hold the Stock?",2025-04-21 19:00:00+00:00
TSLA,Tesla Is Sinking Again Today: Is It Time to Buy the Stock?,2025-04-21 19:02:00+00:00
TSLA,"Gav Blaxberg On Likely First Tariff Trade Deal, Key Earnings",2025-04-21 19:22:00+00:00
MSFT,Why Microsoft Stock Was Getting Slammed Today,2025-04-21 19:37:00+00:00
AAPL,Apple  ( AAPL )  Stock Moves -1.94%: What You Should Know,2025-04-21 21:45:00+00:00
TSLA,"Market Indexes Tank Again, but Gold Continues to Shine",2025-04-21 22:14:00+00:00
MSFT,Where Will Palantir Stock Be in 3 Years?,2025-04-21 22:45:00+00:00
