Ticker,Title,Timestamp
TSLA,"PLTR, HTZ, NFLX, PLD, TSLA: 5 Trending Stocks Today - Netflix  ( NASDAQ:NFLX ) , Hertz Global Holdings  ( NASDAQ:HTZ ) ",2025-04-17 03:29:00+00:00
MSFT,Are we on the brink of a nuclear revival? | FT Film,2025-04-17 03:59:00+00:00
MSFT,AS Tallink Grupp Investor Webinar introducing the results of the Q1 of 2025,2025-04-17 06:00:00+00:00
TSLA,"BYD prices new SUV at aggressive US$18,300 to attract young consumers",2025-04-17 06:30:00+00:00
MSFT,AS Tallink Grupp Investor Webinar introducing the results of the Q1 of 2025,2025-04-17 06:30:00+00:00
MSFT,Bill Gates Says His Kids And Grandkids Will Live In A 'Very Changed World' As AI Puts An End To Shortage Of Teachers And Doctors,2025-04-17 07:06:00+00:00
AAPL,"Google Faces A Mammoth $6.6 Billion Lawsuit In The UK Over Suspected Market Dominance Abuse - Alphabet  ( NASDAQ:GOOG ) , Apple  ( NASDAQ:AAPL ) ",2025-04-17 07:48:00+00:00
TSLA,Elon Musk's Team Installs Starlink Satellite Equipment At Key Federal Agency: Report - Tesla  ( NASDAQ:TSLA ) ,2025-04-17 07:54:00+00:00
AMZN,Bull of the Day: Sprouts Farmers Market  ( SFM ) ,2025-04-17 08:00:00+00:00
MSFT,"The Zacks Analyst Blog Netflix, Apple, Microsoft, NVIDIA and Alphabet",2025-04-17 08:00:00+00:00
AAPL,"The Zacks Analyst Blog Netflix, Apple, Microsoft, NVIDIA and Alphabet",2025-04-17 08:00:00+00:00
TSLA,"Finally, a Little Good News for Tesla Investors",2025-04-17 08:05:00+00:00
AMZN,Stock Market Whiplash: 5 Moves to Protect Your Portfolio Now,2025-04-17 08:15:00+00:00
MSFT,Stock Market Whiplash: 5 Moves to Protect Your Portfolio Now,2025-04-17 08:15:00+00:00
AAPL,"Taiwan Semiconductor CFO Anticipates Tariffs Impact But Has Not Seen Change In Customer Behavior Yet, Issues Strong Q2 Outlook - Taiwan Semiconductor  ( NYSE:TSM ) ",2025-04-17 08:18:00+00:00
MSFT,1 No-Brainer Artificial Intelligence  ( AI )  Stock to Buy With $25 and Hold for the Long Run,2025-04-17 08:19:00+00:00
MSFT,Jeff Bezos Sells Seattle Mansion For Record $63 Million After Moving To Florida's 'Billionaire Bunker' - Amazon.com  ( NASDAQ:AMZN ) ,2025-04-17 08:27:00+00:00
AAPL,Jeff Bezos Sells Seattle Mansion For Record $63 Million After Moving To Florida's 'Billionaire Bunker' - Amazon.com  ( NASDAQ:AMZN ) ,2025-04-17 08:27:00+00:00
AMZN,Jeff Bezos Sells Seattle Mansion For Record $63 Million After Moving To Florida's 'Billionaire Bunker' - Amazon.com  ( NASDAQ:AMZN ) ,2025-04-17 08:27:00+00:00
TSLA,Tesla Experiences 15% Decline In New Vehicle Registrations In California Despite A Surge In EV Sales - Tesla  ( NASDAQ:TSLA ) ,2025-04-17 08:33:00+00:00
AMZN,History Suggests Now Could Be a Smart Time to Buy Amazon Stock,2025-04-17 08:47:00+00:00
TSLA,At What Price Would Tesla Stock Be Worth Buying?,2025-04-17 08:51:00+00:00
MSFT,"Uber CEO Dara Khosrowshahi Says The Two College Courses Are 'Absolute Necessity' For C-Suite-Aspiring Leaders - Microsoft  ( NASDAQ:MSFT ) , Expedia Group  ( NASDAQ:EXPE ) ",2025-04-17 09:02:00+00:00
AAPL,Prediction: Warren Buffett Will Start Buying More Apple Stock This Quarter,2025-04-17 09:03:00+00:00
TSLA,"Joe Rogan Hails Tesla's FSD As He Uses It To Drive Home: Calls It 'F***ing Wild' - Alphabet  ( NASDAQ:GOOG ) , Alphabet  ( NASDAQ:GOOGL ) ",2025-04-17 09:28:00+00:00
AMZN,"The Best Stocks to Invest $50,000 In Right Now",2025-04-17 10:10:00+00:00
TSLA,"Vladimir Putin Hails Elon Musk, Comparing Him to Soviet Space Program Pioneer: 'Such People Rarely Appear In The Human Population' - Tesla  ( NASDAQ:TSLA ) ",2025-04-17 10:15:00+00:00
AAPL,Should Vanguard S&P 500 Value ETF  ( VOOV )  Be on Your Investing Radar?,2025-04-17 10:20:00+00:00
AAPL,Will Tariffs Really Boost Reshoring? ETF Areas in Focus,2025-04-17 10:20:00+00:00
MSFT,Should Vanguard S&P 500 Value ETF  ( VOOV )  Be on Your Investing Radar?,2025-04-17 10:20:00+00:00
AAPL,This Tech Giant Is a Stock Buyback Leader. Here's What That Means for Investors.,2025-04-17 10:38:00+00:00
AMZN,Trump's Tariffs: 2 Growth Stocks That Are No-Brainer Buys on the Dip,2025-04-17 10:39:00+00:00
AMZN,"Rivian Delivers Vehicles To HelloFresh In First Non-Amazon Deal After Ending Its Exclusive Partnership - HelloFresh  ( OTC:HLFFF ) , Amazon.com  ( NASDAQ:AMZN ) ",2025-04-17 10:57:00+00:00
TSLA,"Trump's tariffs are 'inviting corruption,' Democrats tell Bessent, Lutnick",2025-04-17 11:00:00+00:00
TSLA,"Think GameStop's 150% Yearly Jump Was Wild? Check Out Its Namesake Memecoin, Which Leaves It In The Dust With A 5X Surge - Grayscale Bitcoin Mini Trust  ( BTC )  Common units of fractional undivided beneficial interest  ( ARCA:BTC ) ",2025-04-17 11:01:00+00:00
MSFT,"Think GameStop's 150% Yearly Jump Was Wild? Check Out Its Namesake Memecoin, Which Leaves It In The Dust With A 5X Surge - Grayscale Bitcoin Mini Trust  ( BTC )  Common units of fractional undivided beneficial interest  ( ARCA:BTC ) ",2025-04-17 11:01:00+00:00
TSLA,Voyageur Mineral Explorers Corp. Options North Star Project,2025-04-17 11:30:00+00:00
TSLA,Voyageur Mineral Explorers Corp. Options North Star Project,2025-04-17 11:30:00+00:00
MSFT,"This Microsoft Analyst Is No Longer Bullish; Here Are Top 5 Downgrades For Thursday - Amkor Tech  ( NASDAQ:AMKR ) , icad  ( NASDAQ:ICAD ) ",2025-04-17 11:35:00+00:00
TSLA,Ford Warns of Price Hikes as Trump Tariff Uncertainty Lingers,2025-04-17 11:49:00+00:00
MSFT,"Curacao's Spring Doorbuster Event Brings a Fresh Wave of New Savings on Electronics, Home and Fashion April 19-20",2025-04-17 12:00:00+00:00
MSFT,"NowVertical Launches DataCatalyst on Microsoft Azure Marketplace, Unlocking Enterprise AI at Scale",2025-04-17 12:00:00+00:00
MSFT,"NowVertical Launches DataCatalyst on Microsoft Azure Marketplace, Unlocking Enterprise AI at Scale",2025-04-17 12:00:00+00:00
MSFT,"Nvidia's New Mainstream Graphics Cards Look Good, but Price Is a Wildcard",2025-04-17 12:10:00+00:00
AAPL,Is Apple Stock a Buy Now?,2025-04-17 13:00:00+00:00
MSFT,AdTech Platform Market on a Steady Growth Path: Projected to Grow Through 2030 at CAGR 9.58%,2025-04-17 13:00:00+00:00
TSLA,Is TSLA a Buy Pre-Q1 Earnings? Investors Want These Answers First,2025-04-17 13:04:00+00:00
TSLA,"How To Trade SPY And Top Tech Stocks, As March Housing Starts Fall 11.4% - SPDR S&P 500  ( ARCA:SPY ) ",2025-04-17 13:08:00+00:00
MSFT,"How To Trade SPY And Top Tech Stocks, As March Housing Starts Fall 11.4% - SPDR S&P 500  ( ARCA:SPY ) ",2025-04-17 13:08:00+00:00
AAPL,"How To Trade SPY And Top Tech Stocks, As March Housing Starts Fall 11.4% - SPDR S&P 500  ( ARCA:SPY ) ",2025-04-17 13:08:00+00:00
TSLA,3 Reasons to Buy Rivian Stock Like There's No Tomorrow,2025-04-17 13:15:00+00:00
MSFT,"Nissan Taps $1.3B-Backed AI Pioneer Wayve To Supercharge ProPilot System, Ushering A New Era Of Human-Like Driving - Microsoft  ( NASDAQ:MSFT ) , NVIDIA  ( NASDAQ:NVDA ) ",2025-04-17 13:17:00+00:00
AMZN,Sprouts Farmers Market and Lennar have been highlighted as Zacks Bull and Bear of the Day,2025-04-17 13:19:00+00:00
AMZN,ROKU Falls 21.4% YTD: Should Investors Hold or Fold the Stock?,2025-04-17 13:34:00+00:00
MSFT,NBIS vs. MSFT: Which AI Infrastructure Stock is the Better Buy?,2025-04-17 13:38:00+00:00
AMZN,Where Will Amazon Stock Be in 5 Years?,2025-04-17 14:00:00+00:00
TSLA,Earnings Preview: Harley-Davidson  ( HOG )  Q1 Earnings Expected to Decline,2025-04-17 14:01:00+00:00
AMZN,"Figure AI Shakes Silicon Valley With $39.5B Valuation, 200,000 Robots Promised By 2029, Beating Out SpaceX And OpenAI - Microsoft  ( NASDAQ:MSFT ) , Amazon.com  ( NASDAQ:AMZN ) ",2025-04-17 14:01:00+00:00
MSFT,"Figure AI Shakes Silicon Valley With $39.5B Valuation, 200,000 Robots Promised By 2029, Beating Out SpaceX And OpenAI - Microsoft  ( NASDAQ:MSFT ) , Amazon.com  ( NASDAQ:AMZN ) ",2025-04-17 14:01:00+00:00
AMZN,"Meghan Markle Invests In $63M Midi Health Round As Top Women From OpenAI, Google, Meta, And Hollywood Rally Behind Menopause Care - Apple  ( NASDAQ:AAPL ) , Amazon.com  ( NASDAQ:AMZN ) ",2025-04-17 14:16:00+00:00
AAPL,"Meghan Markle Invests In $63M Midi Health Round As Top Women From OpenAI, Google, Meta, And Hollywood Rally Behind Menopause Care - Apple  ( NASDAQ:AAPL ) , Amazon.com  ( NASDAQ:AMZN ) ",2025-04-17 14:16:00+00:00
MSFT,How Meta's antitrust case could dampen AI development,2025-04-17 14:33:00+00:00
AAPL,Tariffs Send Us to a Liminal Space,2025-04-17 14:44:00+00:00
MSFT,Top Beauty and Cosmetics Stocks to Boost Your Portfolio,2025-04-17 14:49:00+00:00
MSFT,Can Strong Recurring Revenue Growth Push SPNS Stock Higher in 2025?,2025-04-17 14:50:00+00:00
MSFT,Inquiry Into Microsoft's Competitor Dynamics In Software Industry - Microsoft  ( NASDAQ:MSFT ) ,2025-04-17 15:00:00+00:00
AMZN,Analyzing Amazon.com In Comparison To Competitors In Broadline Retail Industry - Amazon.com  ( NASDAQ:AMZN ) ,2025-04-17 15:00:00+00:00
MSFT,Arkansas Rep. Bruce Westerman Bought Over $168K Worth of Microsoft Stock: Here's What You Should Know - Microsoft  ( NASDAQ:MSFT ) ,2025-04-17 15:00:00+00:00
AAPL,"Market Analysis: Apple And Competitors In Technology Hardware, Storage & Peripherals Industry - Apple  ( NASDAQ:AAPL ) ",2025-04-17 15:00:00+00:00
AAPL,Check Out What Whales Are Doing With AAPL - Apple  ( NASDAQ:AAPL ) ,2025-04-17 15:01:00+00:00
AAPL,"'Art Of The Steal'-Ross Gerber Says Small Businesses Get To 'Go Bankrupt' While Trump Makes Exceptions For MAG 7 Chinese Imports - Apple  ( NASDAQ:AAPL ) , Dell Technologies  ( NYSE:DELL ) ",2025-04-17 15:15:00+00:00
AMZN,"INOD Shares Surge 493% in a Year: Buy, Hold or Sell the Stock?",2025-04-17 15:20:00+00:00
MSFT,"INOD Shares Surge 493% in a Year: Buy, Hold or Sell the Stock?",2025-04-17 15:20:00+00:00
MSFT,Netflix Vs. The Enormous Eight: One Stock's Bull Run Amid Big Tech Blues - Netflix  ( NASDAQ:NFLX ) ,2025-04-17 15:41:00+00:00
TSLA,Netflix Vs. The Enormous Eight: One Stock's Bull Run Amid Big Tech Blues - Netflix  ( NASDAQ:NFLX ) ,2025-04-17 15:41:00+00:00
AAPL,Netflix Vs. The Enormous Eight: One Stock's Bull Run Amid Big Tech Blues - Netflix  ( NASDAQ:NFLX ) ,2025-04-17 15:41:00+00:00
MSFT,"Brain implant cleared by FDA for Precision Neuroscience, a Musk Neuralink rival",2025-04-17 15:53:00+00:00
TSLA,"Avoid The Mistake Countless Investors And Advisors Are Making, Oral Weight Loss Drug Is Almost Here",2025-04-17 16:35:00+00:00
AAPL,"Avoid The Mistake Countless Investors And Advisors Are Making, Oral Weight Loss Drug Is Almost Here",2025-04-17 16:35:00+00:00
MSFT,"Avoid The Mistake Countless Investors And Advisors Are Making, Oral Weight Loss Drug Is Almost Here",2025-04-17 16:35:00+00:00
MSFT,"Trump Criticizes Fed Chair Powell As 'Too Late And Wrong'; China Cuts US Oil Imports By 90%, Shifts To Canada Over Tariffs; Nvidia Follows US Rules On China Sales Amid Trade Tensions - Top Headlines While the US Slept",2025-04-17 17:07:00+00:00
MSFT,"Microsoft Bets Big On Carbon Removal With CO280, Inks 12-Year Deal Targeting U.S. Pulp And Paper Mills Emissions - Microsoft  ( NASDAQ:MSFT ) ",2025-04-17 17:31:00+00:00
TSLA,Trump administration threatens to bar Harvard from enrolling foreign students,2025-04-17 17:49:00+00:00
MSFT,"Microsoft Analyst Lowers Rating, Flags Slower Growth, Flat Valuation Outlook - Microsoft  ( NASDAQ:MSFT ) ",2025-04-17 18:31:00+00:00
AMZN,"Temu And Shein To Raise Prices Amid US Tariffs, Slash Ad Spend On Apple, Meta - PDD Holdings  ( NASDAQ:PDD ) ",2025-04-17 18:41:00+00:00
AAPL,"Temu And Shein To Raise Prices Amid US Tariffs, Slash Ad Spend On Apple, Meta - PDD Holdings  ( NASDAQ:PDD ) ",2025-04-17 18:41:00+00:00
MSFT,3 Key Reasons to Buy Alibaba Stock Beyond its 25.9% Year-to-Date Surge,2025-04-17 19:00:00+00:00
AMZN,"Meta Platforms Dips 14% in a Month: Buy, Sell or Hold the Stock?",2025-04-17 19:00:00+00:00
AMZN,3 Key Reasons to Buy Alibaba Stock Beyond its 25.9% Year-to-Date Surge,2025-04-17 19:00:00+00:00
MSFT,Advanced Micro Devices's Options Frenzy: What You Need to Know - Advanced Micro Devices  ( NASDAQ:AMD ) ,2025-04-17 19:01:00+00:00
TSLA,RH BREAKING NEWS: BFA Law Alerts RH  ( NYSE: RH )  Investors with Losses of Pending Securities Fraud Investigation -- Contact BFA Law about how to Potentially Recover - RH  ( NYSE:RH ) ,2025-04-17 19:38:00+00:00
AAPL,Google Scores Partial Win In Antitrust Case But Faces Setback On Publisher Tools - Alphabet  ( NASDAQ:GOOGL ) ,2025-04-17 19:39:00+00:00
TSLA,"Trump has talked to former Fed Gov. Kevin Warsh about firing Powell, report says",2025-04-17 19:58:00+00:00
MSFT,From São Paulo to Sofia: The Emerging‑Region Hiring Boom Powering America's Remote Workforce,2025-04-17 20:29:00+00:00
TSLA,"How to stay out of big tech, but in stocks, if S&P 500 loss of momentum isn't ending",2025-04-17 20:32:00+00:00
MSFT,"How to stay out of big tech, but in stocks, if S&P 500 loss of momentum isn't ending",2025-04-17 20:32:00+00:00
AAPL,"Top Analyst Reports for Apple, Philip Morris & Sony",2025-04-17 20:59:00+00:00
TSLA,Tesla  ( TSLA )  Stock Declines While Market Improves: Some Information for Investors,2025-04-17 21:45:00+00:00
TSLA,Short Week Finishes with Netflix Q1 Beat,2025-04-17 22:18:00+00:00
TSLA,"NFLX, UNH, NVO, DJT, TSLA: 5 Trending Stocks Today - Netflix  ( NASDAQ:NFLX ) , Trump Media & Tech Gr  ( NASDAQ:DJT ) ",2025-04-18 02:20:00+00:00
AAPL,"TSMC Confident Amid Trump Tariff Turmoil: CEO CC Wei Says No Change In Customer Behavior Despite Nvidia H20 Chip Curbs - NVIDIA  ( NASDAQ:NVDA ) , Apple  ( NASDAQ:AAPL ) ",2025-04-18 05:21:00+00:00
MSFT,"Facing Heat From China's DeepSeek And US Rivals, OpenAI CEO Sam Altman Launches Codex CLI: 'A Coding Agent That Runs On Your Computer' - Alphabet  ( NASDAQ:GOOG ) , Alphabet  ( NASDAQ:GOOGL ) ",2025-04-18 06:49:00+00:00
AMZN,"Stock Market Sell-Off: 2 Brilliant AI Stocks to Buy Hand Over Fist Right Now, According to Wall Street",2025-04-18 07:12:00+00:00
AAPL,"The Best Warren Buffett Stocks to Buy With $1,000 Right Now",2025-04-18 07:20:00+00:00
TSLA,Elon Musk's Tesla Reportedly Manipulating Odometers To Dodge Warranty Repairs - Tesla  ( NASDAQ:TSLA ) ,2025-04-18 07:44:00+00:00
AAPL,"Apple CEO Tim Cook's Dialogue With Commerce Secretary Lutnick Secured Tariff Exemption for iPhones and Electronics: Report - Apple  ( NASDAQ:AAPL ) , Dell Technologies  ( NYSE:DELL ) ",2025-04-18 08:03:00+00:00
AMZN,2 No-Brainer AI Stocks to Buy Right Now,2025-04-18 08:10:00+00:00
AAPL,Shiba Inu Is Plunging in 2025. Buy the Dip or Run for the Hills?,2025-04-18 08:16:00+00:00
MSFT,Can Artificial Intelligence  ( AI )  Leader Nvidia Continue to Grow Despite Trump's Tariffs?,2025-04-18 08:20:00+00:00
TSLA,"Tesla Reportedly Scales Back Cybertruck Production, Shifts Workers As Sales Plummet: 'The Parking Lot Keeps Getting Emptier' - Tesla  ( NASDAQ:TSLA ) ",2025-04-18 08:25:00+00:00
TSLA,Where Will Nio Stock Be in 1 Year?,2025-04-18 09:32:00+00:00
TSLA,"Tesla CEO Elon Musk, Indian PM Modi Discuss Deeper Tech Ties Amid Model Y Test Run In Mumbai - Tesla  ( NASDAQ:TSLA ) ",2025-04-18 09:39:00+00:00
MSFT,Forget the Correction: 2 Artificial Intelligence Stocks That Are Still Worth Buying Anyway,2025-04-18 10:05:00+00:00
AMZN,5 Warren Buffett Stocks You Can Buy Right Now on Sale -- and 2 I'd Avoid  ( for Now ) ,2025-04-18 10:11:00+00:00
AAPL,5 Warren Buffett Stocks You Can Buy Right Now on Sale -- and 2 I'd Avoid  ( for Now ) ,2025-04-18 10:11:00+00:00
MSFT,Is Intel Stock a Buy Now?,2025-04-18 10:15:00+00:00
MSFT,Should iShares S&P 500 Value ETF  ( IVE )  Be on Your Investing Radar?,2025-04-18 10:20:00+00:00
TSLA,Is First Trust NASDAQ-100 Ex-Technology Sector ETF  ( QQXT )  a Strong ETF Right Now?,2025-04-18 10:20:00+00:00
AAPL,Should iShares S&P 500 Value ETF  ( IVE )  Be on Your Investing Radar?,2025-04-18 10:20:00+00:00
AMZN,Should iShares S&P 500 Value ETF  ( IVE )  Be on Your Investing Radar?,2025-04-18 10:20:00+00:00
AMZN,3 Dividend Stocks to Buy With $500 and Hold Forever,2025-04-18 10:50:00+00:00
TSLA,"Tesla Price Target Slashed To $275 By Barclays Amid Margin Woes, But Elon Musk's FSD Push Could Lift Sentiment - Ford Motor  ( NYSE:F ) , General Motors  ( NYSE:GM ) ",2025-04-18 10:57:00+00:00
MSFT,Nvidia Stock Crash: Why This Time Is Different,2025-04-18 11:15:00+00:00
AMZN,Nvidia Stock Crash: Why This Time Is Different,2025-04-18 11:15:00+00:00
MSFT,"Billionaire Peter Hargreaves-Backed Fund Offloads Stake In Meta, Microsoft Amid Global Economic Woes - Meta Platforms  ( NASDAQ:META ) , Amazon.com  ( NASDAQ:AMZN ) ",2025-04-18 11:19:00+00:00
AMZN,"Billionaire Peter Hargreaves-Backed Fund Offloads Stake In Meta, Microsoft Amid Global Economic Woes - Meta Platforms  ( NASDAQ:META ) , Amazon.com  ( NASDAQ:AMZN ) ",2025-04-18 11:19:00+00:00
AMZN,The Best Warren Buffett Stocks to Buy With $60 Right Now,2025-04-18 11:45:00+00:00
AAPL,The Best Warren Buffett Stocks to Buy With $60 Right Now,2025-04-18 11:45:00+00:00
AAPL,3 Growth Stocks Down More Than 25% to Buy Right Now,2025-04-18 12:45:00+00:00
TSLA,"Tesla can't make Optimus robot for US$20,000 without China, humanoid experts say",2025-04-18 13:00:00+00:00
AMZN,President Trump's 145% China Tariffs Will Hurt Amazon. Here's Why I'm Still Buying the Stock.,2025-04-18 13:45:00+00:00
MSFT,"Jack Ma Was Once Ready To 'Destroy' Alibaba To End US-China Trade War: 'I Would Be Happy If China And USA Agree On Something' - Alibaba Gr Hldgs  ( NYSE:BABA ) , Cisco Systems  ( NASDAQ:CSCO ) ",2025-04-18 14:00:00+00:00
AMZN,Comparative Study: Amazon.com And Industry Competitors In Broadline Retail Industry - Amazon.com  ( NASDAQ:AMZN ) ,2025-04-18 15:00:00+00:00
MSFT,In-Depth Analysis: Microsoft Versus Competitors In Software Industry - Microsoft  ( NASDAQ:MSFT ) ,2025-04-18 15:00:00+00:00
AAPL,'Headline Risk' Lurks as TSM Shines Bright on AI Demand 'Headline Risk' Lurks as TSM Shines Bright on AI Demand - Taiwan Semiconductor  ( NYSE:TSM ) ,2025-04-18 15:20:00+00:00
MSFT,"170 Million Users At Stake: Tim Stokely's Zoop Makes Last-Minute TikTok Bid, Promising Creators 'The Lion's Share' Of Ad Revenue - Microsoft  ( NASDAQ:MSFT ) , Amazon.com  ( NASDAQ:AMZN ) ",2025-04-18 15:46:00+00:00
AMZN,"170 Million Users At Stake: Tim Stokely's Zoop Makes Last-Minute TikTok Bid, Promising Creators 'The Lion's Share' Of Ad Revenue - Microsoft  ( NASDAQ:MSFT ) , Amazon.com  ( NASDAQ:AMZN ) ",2025-04-18 15:46:00+00:00
TSLA,Money Wave Under Review: The Original Deep-Theta Soundwave + Tesla Ritual for Law of Attraction Wealth,2025-04-18 20:15:00+00:00
AAPL,Apple Gets Some Relief from President Trump's Tariffs. Could That Turn the Stock Around?,2025-04-18 21:15:00+00:00
TSLA,Elon Musk Fights For 'Unfathomable' $56 Billion Tesla Payday As Factory Workers Earn $22/Hour - But Says: 'There Shouldn't Be a Two-Class System',2025-04-18 22:31:00+00:00
TSLA,Elon Musk's Tesla Delays Launch Of Affordable Model Y By Several Months: Report - Tesla  ( NASDAQ:TSLA ) ,2025-04-19 03:24:00+00:00
MSFT,Alphabet  ( Google )  Stock Investors Just Got More Bad News From a Federal Judge,2025-04-19 07:48:00+00:00
AMZN,"Is Sirius XM Stock a Buy, Sell, or Hold in 2025?",2025-04-19 08:05:00+00:00
AAPL,"Is Sirius XM Stock a Buy, Sell, or Hold in 2025?",2025-04-19 08:05:00+00:00
AMZN,"Italy Joins US To Oppose 'Discriminatory' Digital Taxes On Big Tech Giants Like Apple, Amazon, Google, And Meta - Apple  ( NASDAQ:AAPL ) , Amazon.com  ( NASDAQ:AMZN ) ",2025-04-19 08:46:00+00:00
AAPL,"Italy Joins US To Oppose 'Discriminatory' Digital Taxes On Big Tech Giants Like Apple, Amazon, Google, And Meta - Apple  ( NASDAQ:AAPL ) , Amazon.com  ( NASDAQ:AMZN ) ",2025-04-19 08:46:00+00:00
TSLA,Is Tesla Stock a Buy Before April 22?,2025-04-19 08:56:00+00:00
AMZN,Could Buying Nu Holdings Stock Today Set You Up for Life?,2025-04-19 09:10:00+00:00
MSFT,Can Nvidia Stock Hit $200 in the Next Year?,2025-04-19 09:30:00+00:00
AMZN,"This ""Magnificent Seven"" Stock Is Trading Near Its Most Prime Valuation in a Decade, and Cathie Wood Just Bought the Dip",2025-04-19 10:15:00+00:00
TSLA,RH INVESTOR NEWS: RH  ( NYSE:RH )  Investors may be able to Recover Losses in Class Action Investigation -- Contact BFA Law - RH  ( NYSE:RH ) ,2025-04-19 12:04:00+00:00
TSLA,VTRS INVESTOR NEWS: Viatris Inc. Investors may be able to Recover Losses in Class Action Lawsuit -- Contact BFA Law before June 3 Deadline  ( NASDAQ:VTRS )  - Viatris  ( NASDAQ:VTRS ) ,2025-04-19 12:06:00+00:00
TSLA,"FLNC INVESTOR NEWS: Fluence Energy, Inc. Investors may be able to Recover Losses in Class Action Lawsuit -- Contact BFA Law before May 12 Deadline  ( NASDAQ:FLNC )  - Fluence Energy  ( NASDAQ:FLNC ) ",2025-04-19 12:06:00+00:00
TSLA,"BBAI INVESTOR NEWS: BigBear.ai Holdings, Inc. Investors may be able to Recover Losses in Class Action Lawsuit -- Contact BFA Law before June 10 Deadline  ( NYSE:BBAI )  - BigBear.ai Hldgs  ( NYSE:BBAI ) ",2025-04-19 12:06:00+00:00
TSLA,"ALDX INVESTOR NEWS: Aldeyra Therapeutics, Inc. Investors may be able to Recover Losses in Class Action Investigation -- Contact BFA Law  ( NASDAQ:ALDX )  - Aldeyra Therapeutics  ( NASDAQ:ALDX ) ",2025-04-19 12:06:00+00:00
TSLA,RC INVESTOR NEWS: Ready Capital Investors may be able to Recover Losses in Class Action Lawsuit -- Contact BFA Law before May 5 Deadline  ( NYSE:RC )  - Ready Capital  ( NYSE:RC ) ,2025-04-19 12:06:00+00:00
TSLA,ATKR INVESTOR NEWS: Atkore Inc. Investors may be able to Recover Losses in Class Action Lawsuit -- Contact BFA Law before April 23 Deadline  ( NYSE:ATKR )  - Atkore  ( NYSE:ATKR ) ,2025-04-19 12:07:00+00:00
TSLA,"TBBK INVESTOR NEWS: The Bancorp, Inc. Investors may be able to Recover Losses in Class Action Lawsuit -- Contact BFA Law before May 16 Deadline  ( NASDAQ:TBBK )  - Bancorp  ( NASDAQ:TBBK ) ",2025-04-19 12:08:00+00:00
MSFT,Prediction AMD Will Soar Over the Next 5 Years. Here's 1 Reason Why.,2025-04-19 12:41:00+00:00
AMZN,Prediction: 1 Stock That Will Be Worth More Than Nvidia 5 Years From Now,2025-04-19 12:45:00+00:00
MSFT,Prediction: 1 Stock That Will Be Worth More Than Nvidia 5 Years From Now,2025-04-19 12:45:00+00:00
TSLA,Prediction: 1 Stock That Will Be Worth More Than Lucid 2 Years From Now,2025-04-19 12:57:00+00:00
AMZN,"Meta Faces An Antitrust Lawsuit, FTC Says Company Holds A 'Social Network Monopoly' - Alphabet  ( NASDAQ:GOOGL ) , Amazon.com  ( NASDAQ:AMZN ) ",2025-04-19 13:00:00+00:00
TSLA,White House claims letter to Harvard with demands was an 'unauthorized' mistake: NYT,2025-04-19 14:33:00+00:00
AAPL,"Consumer Tech News  ( Apr 14-Apr 18 ) : Trump's 125% China Tariff Sidesteps Consumer Tech, Tesla Model Y Spotted in India & More Consumer Tech News  ( Apr 14-Apr 18 ) : Trump's 125% China Tariff Sidesteps Consumer Tech, Tesla Model Y Spotted in India & More - Alphabet  ( NASDAQ:GOOG ) , Apple  ( NASDAQ:AAPL ) ",2025-04-19 15:31:00+00:00
MSFT,"Consumer Tech News  ( Apr 14-Apr 18 ) : Trump's 125% China Tariff Sidesteps Consumer Tech, Tesla Model Y Spotted in India & More Consumer Tech News  ( Apr 14-Apr 18 ) : Trump's 125% China Tariff Sidesteps Consumer Tech, Tesla Model Y Spotted in India & More - Alphabet  ( NASDAQ:GOOG ) , Apple  ( NASDAQ:AAPL ) ",2025-04-19 15:31:00+00:00
TSLA,"Consumer Tech News  ( Apr 14-Apr 18 ) : Trump's 125% China Tariff Sidesteps Consumer Tech, Tesla Model Y Spotted in India & More Consumer Tech News  ( Apr 14-Apr 18 ) : Trump's 125% China Tariff Sidesteps Consumer Tech, Tesla Model Y Spotted in India & More - Alphabet  ( NASDAQ:GOOG ) , Apple  ( NASDAQ:AAPL ) ",2025-04-19 15:31:00+00:00
TSLA,"Ackman Bets Big on Hertz as Tariff Tailwinds Boost Fleet Value: 'Investing Is Risky, There Are No Guarantees of a Successful Outcome' - Tesla  ( NASDAQ:TSLA ) , Hertz Global Holdings  ( NASDAQ:HTZ ) ",2025-04-19 18:01:00+00:00
MSFT,Prediction: 1 Stock That Will Be Worth More Than Alphabet 10 Years From Now,2025-04-19 21:04:00+00:00
MSFT,"Netflix Could Jump 139% in 5 Years, According to Management",2025-04-19 22:08:00+00:00
MSFT,"This Is My Top Quantum Computing Stock for 2025, and It's Not IonQ or Rigetti Computing",2025-04-19 22:30:00+00:00
MSFT,"'My Mom Brings Up Every Excuse In The Book,' Says One Millennial Who Sends Her Money. Asks, 'Anyone Else Doing This Every Month?'",2025-04-19 22:31:00+00:00
MSFT,This Unstoppable Stock Just Revealed Ambitious Plans to Join the $1 Trillion Club by 2030,2025-04-20 08:02:00+00:00
MSFT,"1 Top Cryptocurrency to Buy Before It Soars 194%, According to the Co-Founder of Ethereum and Cardano",2025-04-20 08:19:00+00:00
AMZN,"If I Could Buy Only 1 Warren Buffett Stock Amid the Stock Market Chaos, This Would Be It",2025-04-20 08:42:00+00:00
MSFT,"Down 18%, Is Microsoft Stock a Buy on the Dip Before April 30?",2025-04-20 08:57:00+00:00
AAPL,Where Will Berkshire Hathaway Be in 3 Years?,2025-04-20 09:00:00+00:00
TSLA,"Should Netflix Replace Tesla in the ""Magnificent Seven""?",2025-04-20 10:00:00+00:00
AAPL,2 Semiconductor Stocks That Could Help Make You a Fortune,2025-04-20 10:37:00+00:00
AMZN,Tariff Turmoil: One Artificial Intelligence  ( AI )  Stock Down 26% to Buy Hand Over Fist Right Now,2025-04-20 10:53:00+00:00
AAPL,"Apple's Week Of Tariffs, iPhone Stockpile, Stock Slides, And More: This Week In Appleverse - Apple  ( NASDAQ:AAPL ) ",2025-04-20 11:02:00+00:00
MSFT,2 Recession-Proof Stocks to Buy With a Better Credit Rating Than the U.S. Government,2025-04-20 11:30:00+00:00
TSLA,"BBAI INVESTORS: Investors that Suffered Losses on BigBear.ai Holdings, Inc. are Alerted to Contact BFA Law before June 10 Class Action Deadline",2025-04-20 11:36:00+00:00
TSLA,VTRS INVESTORS: Investors that Suffered Losses on Viatris Inc. are Alerted to Contact BFA Law before June 3 Class Action Deadline,2025-04-20 11:36:00+00:00
TSLA,RC INVESTORS: Investors that Suffered Losses on Ready Capital are Alerted to Contact BFA Law before May 5 Class Action Deadline,2025-04-20 11:36:00+00:00
TSLA,"TTD INVESTORS: Investors that Suffered Losses on Trade Desk, Inc. are Alerted to Contact BFA Law before Tomorrow's April 21 Class Action Deadline",2025-04-20 11:36:00+00:00
TSLA,"TBBK INVESTORS: Investors that Suffered Losses on The Bancorp, Inc. are Alerted to Contact BFA Law before May 16 Class Action Deadline",2025-04-20 11:36:00+00:00
TSLA,ATKR INVESTORS: Investors that Suffered Losses on Atkore Inc. are Alerted to Contact BFA Law before April 23 Class Action Deadline,2025-04-20 11:37:00+00:00
TSLA,"FLNC INVESTORS: Investors that Suffered Losses on Fluence Energy, Inc. are Alerted to Contact BFA Law before May 12 Class Action Deadline",2025-04-20 11:37:00+00:00
TSLA,"ALDX INVESTORS: Investors that Suffered Losses on Aldeyra Therapeutics, Inc. are Alerted to Contact BFA Law",2025-04-20 11:37:00+00:00
AMZN,Amazon Stock Sell-Off: Should You Buy the Dip?,2025-04-20 11:55:00+00:00
MSFT,"OpenAI's Codex CLI, Intel's Reshuffle, And Nvidia's $500B Commitment: This Week In Artificial Intelligence - Intel  ( NASDAQ:INTC ) , Advanced Micro Devices  ( NASDAQ:AMD ) ",2025-04-20 13:01:00+00:00
AMZN,5 Monster Stocks -- Such as Coupang -- to Hold for the Next 10 Years,2025-04-20 13:15:00+00:00
AMZN,"Tesla's FSD Deployment, Kodiak Robotics' SPAC Merger, And Rivian's New Deal: This Week In Mobility - Amazon.com  ( NASDAQ:AMZN ) , Ares Acquisition  ( NYSE:AACT ) ",2025-04-20 13:48:00+00:00
TSLA,"Tesla's FSD Deployment, Kodiak Robotics' SPAC Merger, And Rivian's New Deal: This Week In Mobility - Amazon.com  ( NASDAQ:AMZN ) , Ares Acquisition  ( NYSE:AACT ) ",2025-04-20 13:48:00+00:00
AMZN,2 Top Buffett Stocks to Buy and Hold for the Long Haul,2025-04-20 14:15:00+00:00
TSLA,"Sen. Van Hollen says trip to El Salvador was about defending the right of due process, not 'defending the man'",2025-04-20 15:06:00+00:00
AMZN,"Jeff Bezos Once Tried to Buy Netflix, Co-Founder Says: 'We Said No and Then Worked Our A-- Off for 20 Years' - Netflix  ( NASDAQ:NFLX ) , Amazon.com  ( NASDAQ:AMZN ) ",2025-04-20 16:31:00+00:00
TSLA,Trump draft executive order would make sweeping changes to the U.S. State Department,2025-04-20 17:49:00+00:00
TSLA,"Popular YouTuber JerryRigEverything Says Elon Musk Promised His Tesla With FSD Would Gain Value. Seven Years Later, It's Worth Just 20%",2025-04-20 18:00:00+00:00
AMZN,"'Clearly Word Got Out'-Scott Galloway Says' April 9 Will Go Down As The Greatest Day Of Insider Trading In History' - Microsoft  ( NASDAQ:MSFT ) , Amazon.com  ( NASDAQ:AMZN ) ",2025-04-20 19:20:00+00:00
MSFT,"'Clearly Word Got Out'-Scott Galloway Says' April 9 Will Go Down As The Greatest Day Of Insider Trading In History' - Microsoft  ( NASDAQ:MSFT ) , Amazon.com  ( NASDAQ:AMZN ) ",2025-04-20 19:20:00+00:00
AMZN,2 No-Brainer Warren Buffett Stocks to Buy Right Now,2025-04-20 19:30:00+00:00
TSLA,"'I Don't Like Elon. Nobody's Made Any Money In Tesla For A Long Time,' Says Ross Gerber, Claims He's 'Attacked Because Of Elon's Behavior' - Tesla  ( NASDAQ:TSLA ) ",2025-04-20 19:31:00+00:00
MSFT,1 Artificial Intelligence  ( AI )  Stock-Buyback Stock to Buy Hand Over Fist During the Nasdaq Sell-Off,2025-04-20 22:00:00+00:00
AMZN,1 Growth Stock Down 20% to Buy Right Now,2025-04-20 22:15:00+00:00
TSLA,"Elon Musk 'Needs To Leave' The Government And Get Back To Being CEO Of Tesla, Says Dan Ives Ahead Of Q1 Earnings - NVIDIA  ( NASDAQ:NVDA ) , Tesla  ( NASDAQ:TSLA ) ",2025-04-21 01:18:00+00:00
TSLA,"US Futures Fall, Volatile Start For Nikkei, Dollar Slips As Trump Pushes Fed For Rate Cuts, Jerome Powell Exit - Alphabet  ( NASDAQ:GOOG ) , Procter & Gamble  ( NYSE:PG ) ",2025-04-21 01:57:00+00:00
AMZN,"Meta, Amazon, And YouTube To Sponsor 2025 White House Easter Egg Roll: Trump Says, 'I'll Be There!' - Alphabet  ( NASDAQ:GOOG ) , Amazon.com  ( NASDAQ:AMZN ) ",2025-04-21 03:09:00+00:00
TSLA,"Steve Bannon Says Elon Musk Is 'Evil,' Blasts His Brain Chip Ambitions As 'Techno‑Feudalist' Plot To Hijack Humanity's Future - Tesla  ( NASDAQ:TSLA ) ",2025-04-21 05:27:00+00:00
TSLA,"Nio, XPeng Supplier Hesai Group Announces Next-Gen LiDAR For Level 3 Autonomous Driving - Alphabet  ( NASDAQ:GOOG ) , Aurora Innovation  ( NASDAQ:AUR ) ",2025-04-21 07:16:00+00:00
AAPL,Tim Cook Says Hiking At National Parks One Of His 'Favorite Things To Do' But Rangers Struggling With Staffing Cuts - Apple  ( NASDAQ:AAPL ) ,2025-04-21 07:20:00+00:00
TSLA,"2025 'Largely Doesn't Matter' For Tesla, Says Gene Munster: Elon Musk Company Poised 'For A Major Rebound In 2026 And Beyond' - Tesla  ( NASDAQ:TSLA ) ",2025-04-21 07:24:00+00:00
AMZN,3 No-Brainer Artificial Intelligence  ( AI )  Stocks to Buy Before Earnings Season Heats Up,2025-04-21 08:10:00+00:00
TSLA,Tesla Stock Has Crashed 50% and Investors Just Got Bad News From One of Wall Street's Biggest Bulls,2025-04-21 08:24:00+00:00
TSLA,"Nvidia Is the Second Cheapest ""Magnificent Seven"" Stock Right Now Based on 1 Key Valuation Metric. Is It a No-Brainer Buy?",2025-04-21 08:48:00+00:00
TSLA,"Tesla's India Play Deepens As Elon Musk's EV Giant Explores Alternate Semiconductor Supply Chains Amid US-China Trade War - Tesla  ( NASDAQ:TSLA ) , Micron Technology  ( NASDAQ:MU ) ",2025-04-21 09:22:00+00:00
TSLA,Should You Buy Tesla While It's Below $250?,2025-04-21 09:24:00+00:00
TSLA,Here's Why ChargePoint Stock Is a Buy Before the End of May,2025-04-21 09:52:00+00:00
MSFT,"1 ""Magnificent Seven"" Stock You'll Regret Not Buying During the Dip",2025-04-21 10:00:00+00:00
TSLA,"1 ""Magnificent Seven"" Stock You'll Regret Not Buying During the Dip",2025-04-21 10:00:00+00:00
AAPL,Should Goldman Sachs MarketBeta Russell 1000 Growth Equity ETF  ( GGUS )  Be on Your Investing Radar?,2025-04-21 10:20:00+00:00
MSFT,Should Goldman Sachs MarketBeta Russell 1000 Growth Equity ETF  ( GGUS )  Be on Your Investing Radar?,2025-04-21 10:20:00+00:00
MSFT,"Bill Gates' Harvard Professor Thought, 'What A Waste' When He Left Academia, But That 'Small Company' He Founded Changed The World - Microsoft  ( NASDAQ:MSFT ) ",2025-04-21 10:54:00+00:00
AAPL,"Humanoid Robots Make History In Beijing Half-Marathon, Completes Race In Under 3 Hours - Apple  ( NASDAQ:AAPL ) , Salesforce  ( NYSE:CRM ) ",2025-04-21 11:15:00+00:00
TSLA,"Tesla Battery Supplier CATL Unveils New Fast-Charging Battery With 323-Mile Range In Five Minutes - BYD  ( OTC:BYDDF ) , Ford Motor  ( NYSE:F ) ",2025-04-21 11:33:00+00:00
MSFT,Wall Street Sees 48% or More Upside for These AI Stocks. Should You Buy Them?,2025-04-21 11:45:00+00:00
MSFT,Commercial Content Delivery Network Services  ( CCDNS )  Market on a Steady Growth Path: Projected to Grow Through 2030 at CAGR 6.39%,2025-04-21 12:00:00+00:00
MSFT,BigCommerce and Feedonomics Announce Winners of Americas Region Customer and Partner Awards to Honor Exceptional Contributions and Results in Ecommerce,2025-04-21 12:00:00+00:00
MSFT,BigCommerce and Feedonomics Announce Winners of Americas Region Customer and Partner Awards to Honor Exceptional Contributions and Results in Ecommerce,2025-04-21 12:00:00+00:00
MSFT,Tariffs. Trade Wars. Chaos. Here's 1 Go-To Warren Buffett Dividend King Stock That's Built for Storms.,2025-04-21 12:00:00+00:00
MSFT,Netflix Q1 Earnings Impress: Buy on Each Dip and Hold for Long Term,2025-04-21 12:04:00+00:00
TSLA,"Tesla, Nvidia, Apple And Other Big Stocks Moving Lower In Monday's Pre-Market Session - Apple  ( NASDAQ:AAPL ) , American Assets Trust  ( NYSE:AAT ) ",2025-04-21 12:24:00+00:00
AAPL,"Tesla, Nvidia, Apple And Other Big Stocks Moving Lower In Monday's Pre-Market Session - Apple  ( NASDAQ:AAPL ) , American Assets Trust  ( NYSE:AAT ) ",2025-04-21 12:24:00+00:00
MSFT,La Rosa Holdings Corp. Strategic Collaboration with Lofty to Drive Agent Productivity and Introduce New Recurring Revenue Stream,2025-04-21 12:30:00+00:00
TSLA,"China's CATL to mass-produce cheaper, more efficient sodium-ion EV batteries",2025-04-21 12:31:00+00:00
TSLA,RC LEGAL REMINDER: Did Ready Capital Commit Securities Fraud? Contact BFA Law before May 5 Court Deadline  ( NYSE:RC )  - Ready Capital  ( NYSE:RC ) ,2025-04-21 12:33:00+00:00
TSLA,"ALDX LEGAL REMINDER: Did Aldeyra Therapeutics, Inc. Commit Securities Violations? Contact BFA Law  ( NASDAQ:ALDX )  - Aldeyra Therapeutics  ( NASDAQ:ALDX ) ",2025-04-21 12:33:00+00:00
TSLA,"BBAI LEGAL REMINDER: Did BigBear.ai Holdings, Inc. Commit Securities Fraud? Contact BFA Law before June 10 Court Deadline  ( NYSE:BBAI )  - BigBear.ai Hldgs  ( NYSE:BBAI ) ",2025-04-21 12:33:00+00:00
TSLA,VTRS LEGAL REMINDER: Did Viatris Inc. Commit Securities Fraud? Contact BFA Law before June 3 Court Deadline  ( NASDAQ:VTRS )  - Viatris  ( NASDAQ:VTRS ) ,2025-04-21 12:33:00+00:00
TSLA,RH LEGAL REMINDER: Did RH  ( NYSE:RH )  Commit Securities Violations? Contact BFA Law - RH  ( NYSE:RH ) ,2025-04-21 12:33:00+00:00
TSLA,ATKR LEGAL REMINDER: Did Atkore Inc. Commit Securities Fraud? Contact BFA Law before Wednesday's April 23 Court Deadline  ( NYSE:ATKR )  - Atkore  ( NYSE:ATKR ) ,2025-04-21 12:33:00+00:00
TSLA,"TBBK LEGAL REMINDER: Did The Bancorp, Inc. Commit Securities Fraud? Contact BFA Law before May 16 Court Deadline  ( NASDAQ:TBBK )  - Bancorp  ( NASDAQ:TBBK ) ",2025-04-21 12:33:00+00:00
TSLA,"FLNC LEGAL REMINDER: Did Fluence Energy, Inc. Commit Securities Fraud? Contact BFA Law before May 12 Court Deadline  ( NASDAQ:FLNC )  - Fluence Energy  ( NASDAQ:FLNC ) ",2025-04-21 12:33:00+00:00
TSLA,Jim Cramer's top 10 things to watch in the stock market Monday,2025-04-21 12:52:00+00:00
TSLA,Tesla Q1 Test Drive: Will Earnings Steer The Stock Out Of The Ditch? - Tesla  ( NASDAQ:TSLA ) ,2025-04-21 13:04:00+00:00
MSFT,Security Champions With Arnica Is Elevating Modern Workflow,2025-04-21 13:11:00+00:00
MSFT,Tesla Stock: Today's Top Price Target Set To $242.49 - Tesla  ( NASDAQ:TSLA ) ,2025-04-21 13:17:00+00:00
TSLA,Tesla Stock: Today's Top Price Target Set To $242.49 - Tesla  ( NASDAQ:TSLA ) ,2025-04-21 13:17:00+00:00
AAPL,Tesla Stock: Today's Top Price Target Set To $242.49 - Tesla  ( NASDAQ:TSLA ) ,2025-04-21 13:17:00+00:00
TSLA,Ford Suspends Shipments of Vehicles to China Amid US-China Trade War,2025-04-21 13:21:00+00:00
AMZN,STRL Moves Above 50-Day SMA: A Buy for This Infrastructure Stock?,2025-04-21 13:23:00+00:00
TSLA,"Tesla Delays Launch of Cheaper, Stripped-Down Version of Model Y in US",2025-04-21 13:36:00+00:00
TSLA,"The Zacks Analyst Blog Highlights Tesla, General Motors and Ford",2025-04-21 13:37:00+00:00
TSLA,Tesla Stock Is Sliding Monday: What's Driving The Action? - Tesla  ( NASDAQ:TSLA ) ,2025-04-21 13:43:00+00:00
AAPL,"The Zacks Analyst Blog Highlights Apple, Philip Morris International, Sony and Vaso",2025-04-21 13:49:00+00:00
AMZN,Mark Cuban Says 'It's A Game Of Chicken' With China As He Questions Trump's Strategy Behind Tariffs: 'You Can't Be Dogmatic In Business Or Government' - Amazon.com  ( NASDAQ:AMZN ) ,2025-04-21 13:55:00+00:00
TSLA,China's humanoid robot sector enters mass production in 2025,2025-04-21 14:00:00+00:00
TSLA,Expect the Unexpected for a New Trading Week,2025-04-21 14:14:00+00:00
MSFT,IBM's Q1 Earnings on the Horizon: How to Play the Stock Now?,2025-04-21 14:23:00+00:00
AMZN,"Netflix Q1 Earnings Beat, Revenues Rise Y/Y on Subscriber Gain",2025-04-21 14:43:00+00:00
AAPL,"Netflix Q1 Earnings Beat, Revenues Rise Y/Y on Subscriber Gain",2025-04-21 14:43:00+00:00
MSFT,Viking Takes Big Swing On Beaten-Down Regal Rexnord - Regal Rexnord  ( NYSE:RRX ) ,2025-04-21 14:46:00+00:00
TSLA,Pre-Markets in the Red to Start a Fresh Week,2025-04-21 14:48:00+00:00
AAPL,"Evaluating Apple Against Peers In Technology Hardware, Storage & Peripherals Industry - Apple  ( NASDAQ:AAPL ) ",2025-04-21 15:00:00+00:00
AMZN,Competitor Analysis: Evaluating Amazon.com And Competitors In Broadline Retail Industry - Amazon.com  ( NASDAQ:AMZN ) ,2025-04-21 15:00:00+00:00
MSFT,In-Depth Analysis: Microsoft Versus Competitors In Software Industry - Microsoft  ( NASDAQ:MSFT ) ,2025-04-21 15:00:00+00:00
TSLA,"Dogecoin And Shiba Inu Surge But Fartcoin Takes The Spotlight-Whale Turns Losses To Profits In Rally; Coca-Cola Dodges New Tariffs With US Production, While Pepsico Faces 10% Levy On Irish Supply - Top Headlines While the U.S. Slept",2025-04-21 15:03:00+00:00
AMZN,Are Retail Stocks a Bargain?,2025-04-21 15:23:00+00:00
TSLA,"Selling On Threat To Powell - Dollar, Stocks, And Bonds Fall; Gold And Yen Rise - Invesco QQQ Trust, Series 1  ( NASDAQ:QQQ ) , SPDR Gold Trust  ( ARCA:GLD ) ",2025-04-21 15:53:00+00:00
MSFT,"Selling On Threat To Powell - Dollar, Stocks, And Bonds Fall; Gold And Yen Rise - Invesco QQQ Trust, Series 1  ( NASDAQ:QQQ ) , SPDR Gold Trust  ( ARCA:GLD ) ",2025-04-21 15:53:00+00:00
AAPL,"Selling On Threat To Powell - Dollar, Stocks, And Bonds Fall; Gold And Yen Rise - Invesco QQQ Trust, Series 1  ( NASDAQ:QQQ ) , SPDR Gold Trust  ( ARCA:GLD ) ",2025-04-21 15:53:00+00:00
